portal,base_url,api_or_access_method,auth_required,text_format,text_quality,licence_summary,verdict,reason
Polona (BN),https://polona.pl,"REST-ish JSON, https://polona.pl/api/entities/ (reverse-engineered/used by pypolona); no official public API docs page found",no (public items),"OCR text layer / searchable-text PDF",OCR (Tesseract), uneven on old fraktur print,"Most historical items are public domain per BN; per-item rights field (public:true/false) must be checked",use,"Best Polish-specific metadata + good scans; filter strictly on public:true"
Federacja Bibliotek Cyfrowych (FBC),https://fbc.pionier.net.pl,"OAI-PMH per provider (list at http://fbc.pionier.net.pl/owoc/list-libs.csv)",no,metadata + thumbnails only (full text stays on source library),n/a (metadata only),"Aggregator; licence is whatever the source library states",maybe,"Good for discovery/routing to the right regional library; not a text source itself"
Śląska Biblioteka Cyfrowa (SBC),https://www.sbc.org.pl/dlibra,"OAI-PMH: sbc.org.pl/dlibra/oai-pmh-repository.xml",no,"page images; DjVu/OCR text per-item, inconsistent",OCR where present; image-only for many items,"per-item rights status shown on record; PD common for pre-1926 authors",maybe,"Per-item text-layer availability unconfirmed at scale; use as backup/cross-check"
Wielkopolska Biblioteka Cyfrowa (WBC),https://www.wbc.poznan.pl/dlibra,"OAI-PMH: wbc.poznan.pl/dlibra/oai-pmh-repository.xml",no,"page images; DjVu/OCR text per-item, inconsistent",OCR where present; image-only for many items,"per-item rights status shown on record",maybe,"Confirmed host of Szujski's Dzieje Polski (all 4 vols) — good backup copy"
Małopolska Biblioteka Cyfrowa (MBC),https://mbc.malopolska.pl,"OAI-PMH (dLibra, same pattern)",no,"page images; DjVu/OCR text per-item, inconsistent",OCR where present; image-only for many items,"per-item rights status shown on record",maybe,"Not individually verified this pass; same dLibra caveats as SBC/WBC"
Kujawsko-Pomorska Biblioteka Cyfrowa (KPBC),https://kpbc.umk.pl/dlibra,"OAI-PMH (dLibra, same pattern)",no,"page images; DjVu/OCR text per-item, inconsistent",OCR where present; image-only for many items,"per-item rights status shown on record",maybe,"Not individually verified this pass; same dLibra caveats as SBC/WBC"
Internet Archive,https://archive.org,"advancedsearch.php?output=json (documented); per-item *_djvu.txt / *_hocr_searchtext.txt.gz",no,plain *_djvu.txt full text + ABBYY OCR + EPUB + PDF,OCR (often Google-scanned, ABBYY),"item-level rights metadata authoritative; confirmed NOT_IN_COPYRIGHT on test item",use,"Clearest PD marking + already-extracted plain text + no auth/login; best default for bulk syntheses"
HathiTrust,https://www.hathitrust.org,"Data API (id-at-a-time, 'burst' only) + request-based bulk research datasets",yes for bulk (institutional agreement + request process; Google-scanned vols need a signed Distribution Agreement),OCR text via Data API,OCR,"full-view = public domain; metadata sharing open; bulk text is request-gated",avoid,"Request/agreement latency does not fit a hackathon timebox; IA already mirrors the same Google-scanned PL-history volumes"
Google Books,https://books.google.com,"no documented full-text bulk API; only bulk product is Ngrams (n-grams, not full text)",no for browsing; ToS forbids automated bulk scraping of book content,PDF via manual 'Download PDF' button only,OCR,"PD books downloadable manually one at a time; ToS bars automated bulk pulls",avoid,"No sanctioned bulk path; same PD scans already available via IA *goog IDs without the ToS risk"
Wikisource PL,https://pl.wikisource.org,"MediaWiki API (action=query&prop=revisions) + Special:Export",no,clean hand-transcribed wikitext,"clean (proofread), no OCR noise","wiki markup CC BY-SA 3.0/GFDL; underlying historical texts are public domain",use,"Best text quality; first choice for primary/legal documents (constitutions, acts, treaties); historiographic-synthesis coverage is partial"
Wolne Lektury,https://wolnelektury.pl,"REST API at /api/ (JSON default, ?format=xml); /books /authors /epochs /genres /themes; genre-filtered lists are /api/genres/<slug>/books/ (path-composed - the ?genre= query param on /api/books/ is silently ignored, confirmed live)",no,"txt/html/epub/mobi/pdf/xml per book",clean (proofread),"public domain or CC BY-SA / Wolna Licencja Sztuki (switched 2022); safe for non-commercial dataset",use,"Curated for the literary canon overall, but /api/genres/{kazanie,pamietnik,dziennik,odezwa,manifest,akt-prawny,kronika,rozprawa-polityczna,traktat,list,publicystyka}/books/ pulls exactly the primary-document genres useful for history; see scripts/fetch_wolnelektury_genres.py (2026-09-25 follow-up, upgraded from earlier 'maybe')"
ZPE - Zintegrowana Platforma Edukacyjna (zpe.gov.pl; folded in epodreczniki.pl + Scholaris),https://zpe.gov.pl,"No public export/bulk API found; content body rendered client-side by a 'Reader' JS module from WOMI asset bundles on static.zpe.gov.pl; robots.txt = Allow: / (crawlable) but that is not a licence grant",no (public pages),"HTML page chrome only via plain HTTP; actual e-materiał text needs a headless-browser render",n/a (not extracted this pass),"Publicly stated as CC (commonly cited CC BY-SA 4.0) per e-materiał, but the platform's own regulamin only covers uploader->platform licensing and does not spell out public redistribution rights; licence badge not present in raw HTML, must be confirmed per page",maybe,"Confirm CC badge on ~10 concrete history e-materialy in a real browser before any extraction; extract via headless render or request an official bulk export, do not hit the internal api/v1 LMS endpoint"
Scholaris (legacy scholaris.pl, folded into zpe.gov.pl/scholaris),https://zpe.gov.pl/scholaris,"Same platform as ZPE; catalog UI filter by type (e.g. filtr_Typ=scenariusze_lekcji), no confirmed licence-filter query param",no,"per-resource pages",n/a,"Publicly documented that only ~1000 of ~26000 resources are CC BY-SA; the rest are not openly licensed",maybe,"Per-resource only - must filter to the CC BY-SA subset first (a large majority of the catalog is NOT reusable)"
IPN edukacja portal (edukacja.ipn.gov.pl, teki edukacyjne / Centralny Przystanek Historia),https://edukacja.ipn.gov.pl,"No API; ~3000 free PDFs/e-books, one at a time, robots.txt returns HTTP 200 with empty body (no rules)",no,PDF (freely downloadable),n/a,"Standard (c) IPN, no CC/open-licence grant found anywhere on the portal; free-to-download != free-to-redistribute",avoid,"Do not scrape teki edukacyjne wholesale; a hand-picked PDF whose own colophon explicitly allows reuse could be used individually, otherwise needs written IPN permission"
Muzeum Historii Polski (muzhp.pl),https://muzhp.pl,"Public collections API exists at api.muzhp.pl (Hydra/JSON-LD apiDocumentation link header) but is behind Cloudflare bot protection - confirmed HTTP 403 'Attention Required' for a scripted client",no (but blocked for bots),n/a,n/a,"No open licence found; ordinary museum copyright; education offer delivered in person/on request",avoid,"No open licence and no scriptable access; lessons are delivered via Dzial Obslugi Publicznosci, not published as a text corpus"
Otwarte Zasoby (otwartezasoby.pl),https://otwartezasoby.pl,"WordPress site with normal robots.txt + sitemap; it is a directory/blog, not a content API",no,n/a (no content of its own),n/a,N/A - reviews and links to other open-content sites (Polona, Wolne Lektury, Scholaris, KOED guides),use as map only,"Good for discovering further leads, hosts no history teaching content itself"
