id,title,author,author_death_year,pd_status,best_source_portal,url,alt_url,format_available,verified,notes
1,"Dzieje Polski w zarysie, t. 1-2 (1879)","Michał Bobrzyński",1935,PD,Internet Archive,https://archive.org/details/dziejepolskiwza01bobrgoog,https://polona.pl/preview/60dfe59f-b849-4f1a-8a57-f60872cdf057,"djvu.txt, epub, pdf",yes,"IA item confirmed NOT_IN_COPYRIGHT with full text extracted"
2,"Dzieje Polski w zarysie, t. 1 (alt scan)","Michał Bobrzyński",1935,PD,Internet Archive,https://archive.org/details/MichaBobrzyskiDziejePolskiWZarysieTom1,,"djvu.txt, pdf",yes,"second IA copy, cross-check OCR quality against #1"
3,"Dzieje Polski, t. 1-4 (1862-66, ed. 1894-95)","Józef Szujski",1883,PD,Internet Archive,https://archive.org/details/dziejepolski01szujgoog,"https://polona.pl/item/dzieje-polski-t-1,MTE3MTY0NDM/ ; https://www.wbc.poznan.pl/dlibra/publication/68237","djvu.txt, epub, pdf",yes,"4-volume synthesis Piastowie -> 1795, strong matura coverage"
4,"Collected works (author page)","Joachim Lelewel",1861,PD,Wikisource PL,https://pl.wikisource.org/wiki/Autor:Joachim_Lelewel,https://polona.pl/public-collections/collection/5fe641ec-24de-480b-ae20-eae52762a497,"wikitext (clean); scans on Polona",partial,"Wikisource text is clean but partial; Polona has fuller scan set (OCR)"
5,"Collected works (author page)","Tadeusz Korzon",1918,PD,Wikisource PL,https://pl.wikisource.org/wiki/Autor:Tadeusz_Korzon,https://polona.pl/search/?query=Tadeusz_Korzon,"wikitext (clean); scans on Polona",partial,"historian of Sejm Wielki / Kosciuszko era"
6,"Historia narodu polskiego (18th c. synthesis)","Adam Naruszewicz",1796,PD,Polona,,"search polona.pl for 'Naruszewicz Historia narodu polskiego'",scans (OCR),no,"lead only - exact URL not confirmed this pass, verify before use"
7,"Napoleon a Polska / Lukasinski (works)","Szymon Askenazy",1935,PD,Polona,,"search polona.pl / archive.org for 'Askenazy'",scans (OCR),no,"lead only - exact URL not confirmed this pass, verify before use"
8,"Any synthesis by Oskar Halecki","Oskar Halecki",1973,NOT_PD_until_2044,-,,,-,n/a,"AVOID: died 1973, 70pma runs to end of 2043 regardless of original publication date"
9,"Ustawa rzadowa czyli Konstytucya 3 maja 1791","(act of law)",,PD,Wikisource PL,https://pl.wikisource.org/wiki/Ustawa_rz%C4%85dowa_czyli_Konstytucya_3_maja_1791,https://biblioteka.sejm.gov.pl/tek01/txt/kpol/1791.html,"wikitext (clean)",yes,"best primary-source pick: clean transcribed text, unambiguous PD (legal act)"
10,"Artykuly henrykowskie (1573)","(act of law)",,PD,Wikisource PL / Volumina Legum t.II,,https://pl.wikisource.org/wiki/Kategoria:Volumina_Legum,"scan (Polona/IA) if not transcribed",no,"text existence on Wikisource NOT confirmed this pass - verify before relying on it"
11,"Akt unii lubelskiej (1569)","(act of law)",,PD,Wikisource PL / Volumina Legum t.II,,https://pl.wikisource.org/wiki/Kategoria:Volumina_Legum,"scan (Polona/IA) if not transcribed",no,"text existence on Wikisource NOT confirmed this pass - verify before relying on it"
12,"Manifest PKWN (22 lipca 1944)","(state proclamation)",,PD,Polona,https://polona.pl/preview/1d66bb1a-6b82-4ccb-a741-ea58a559373c,https://fbc.pionier.net.pl/publication/3e8d14311e34dde6c51f,scan (OCR),yes,"PD confirmed by multiple secondary sources; official document + age"
13,"Konstytucja marcowa (1921)","(act of law)",,PD,-,,"search biblioteka.sejm.gov.pl / Wikisource",-,no,"lead only - not URL-verified this pass"
14,"Konstytucja kwietniowa (1935)","(act of law)",,PD,-,,"search biblioteka.sejm.gov.pl / Wikisource",-,no,"lead only - not URL-verified this pass"
15,"Kronika polska","Gall Anonim (orig.) / trans. Roman Grodecki",1954,"PD original; translation PD only from 2025",-,,,-,no,"translation copyright is separate from the original chronicle - recheck exact edition/translator before use"
16,"Roczniki, czyli Kroniki slawnego Krolestwa Polskiego","Jan Dlugosz (orig.) / modern PAN translators",,"original PD; modern translation likely still copyrighted",-,,,-,no,"high risk: use only a pre-1950s PL edition/translation if one exists, else skip"
17,"Volumina Legum (compiled 1732-82, republished 1859-89)","multiple (all long PD)",,PD,Wikisource PL,https://pl.wikisource.org/wiki/Encyklopedia_staropolska/Volumina_legum,https://pl.wikisource.org/wiki/Volumina_Legum._Tom_VII,"wikitext (partial); full scans on Polona/IA",partial,"only partial volumes transcribed on Wikisource; fall back to Polona/IA scan for untranscribed volumes/tomes"
